<annotation>
	<folder>collectedimages</folder>
	<filename>hello.c8e89d1d-808b-11ec-9118-f43909d8ce0f.jpg</filename>
	<path>C:\Users\rondi\Documents\S10_DL\OBJECK DETECTION\RealTimeObjectDetection\Tensorflow\workspace\images\collectedimages\hello.c8e89d1d-808b-11ec-9118-f43909d8ce0f.jpg</path>
	<source>
		<database>Unknown</database>
	</source>
	<size>
		<width>640</width>
		<height>480</height>
		<depth>3</depth>
	</size>
	<segmented>0</segmented>
	<object>
		<name>hello</name>
		<pose>Unspecified</pose>
		<truncated>0</truncated>
		<difficult>0</difficult>
		<bndbox>
			<xmin>203</xmin>
			<ymin>276</ymin>
			<xmax>379</xmax>
			<ymax>478</ymax>
		</bndbox>
	</object>
</annotation>
