<annotation>
	<folder>collectedimages</folder>
	<filename>hello.ca1e690f-808b-11ec-ac95-f43909d8ce0f.jpg</filename>
	<path>C:\Users\rondi\Documents\S10_DL\OBJECK DETECTION\RealTimeObjectDetection\Tensorflow\workspace\images\collectedimages\hello.ca1e690f-808b-11ec-ac95-f43909d8ce0f.jpg</path>
	<source>
		<database>Unknown</database>
	</source>
	<size>
		<width>640</width>
		<height>480</height>
		<depth>3</depth>
	</size>
	<segmented>0</segmented>
	<object>
		<name>hello</name>
		<pose>Unspecified</pose>
		<truncated>0</truncated>
		<difficult>0</difficult>
		<bndbox>
			<xmin>156</xmin>
			<ymin>278</ymin>
			<xmax>347</xmax>
			<ymax>478</ymax>
		</bndbox>
	</object>
</annotation>
