<annotation>
	<folder>collectedimages</folder>
	<filename>hello.c40fc17d-808b-11ec-9814-f43909d8ce0f.jpg</filename>
	<path>C:\Users\rondi\Documents\S10_DL\OBJECK DETECTION\RealTimeObjectDetection\Tensorflow\workspace\images\collectedimages\hello.c40fc17d-808b-11ec-9814-f43909d8ce0f.jpg</path>
	<source>
		<database>Unknown</database>
	</source>
	<size>
		<width>640</width>
		<height>480</height>
		<depth>3</depth>
	</size>
	<segmented>0</segmented>
	<object>
		<name>hello</name>
		<pose>Unspecified</pose>
		<truncated>1</truncated>
		<difficult>0</difficult>
		<bndbox>
			<xmin>193</xmin>
			<ymin>322</ymin>
			<xmax>378</xmax>
			<ymax>480</ymax>
		</bndbox>
	</object>
</annotation>
