<annotation>
	<folder>collectedimages</folder>
	<filename>iloveyou.25a4c349-808c-11ec-bb33-f43909d8ce0f.jpg</filename>
	<path>C:\Users\rondi\Documents\S10_DL\OBJECK DETECTION\RealTimeObjectDetection\Tensorflow\workspace\images\collectedimages\iloveyou.25a4c349-808c-11ec-bb33-f43909d8ce0f.jpg</path>
	<source>
		<database>Unknown</database>
	</source>
	<size>
		<width>640</width>
		<height>480</height>
		<depth>3</depth>
	</size>
	<segmented>0</segmented>
	<object>
		<name>iloveyou</name>
		<pose>Unspecified</pose>
		<truncated>1</truncated>
		<difficult>0</difficult>
		<bndbox>
			<xmin>279</xmin>
			<ymin>286</ymin>
			<xmax>563</xmax>
			<ymax>480</ymax>
		</bndbox>
	</object>
</annotation>
