<annotation>
	<folder>collectedimages</folder>
	<filename>iloveyou.233ced5e-808c-11ec-a30b-f43909d8ce0f.jpg</filename>
	<path>C:\Users\rondi\Documents\S10_DL\OBJECK DETECTION\RealTimeObjectDetection\Tensorflow\workspace\images\collectedimages\iloveyou.233ced5e-808c-11ec-a30b-f43909d8ce0f.jpg</path>
	<source>
		<database>Unknown</database>
	</source>
	<size>
		<width>640</width>
		<height>480</height>
		<depth>3</depth>
	</size>
	<segmented>0</segmented>
	<object>
		<name>iloveyou</name>
		<pose>Unspecified</pose>
		<truncated>0</truncated>
		<difficult>0</difficult>
		<bndbox>
			<xmin>188</xmin>
			<ymin>246</ymin>
			<xmax>495</xmax>
			<ymax>431</ymax>
		</bndbox>
	</object>
</annotation>
