<annotation>
	<folder>collectedimages</folder>
	<filename>iloveyou.1d2d9a7c-808c-11ec-a033-f43909d8ce0f.jpg</filename>
	<path>C:\Users\rondi\Documents\S10_DL\OBJECK DETECTION\RealTimeObjectDetection\Tensorflow\workspace\images\collectedimages\iloveyou.1d2d9a7c-808c-11ec-a033-f43909d8ce0f.jpg</path>
	<source>
		<database>Unknown</database>
	</source>
	<size>
		<width>640</width>
		<height>480</height>
		<depth>3</depth>
	</size>
	<segmented>0</segmented>
	<object>
		<name>iloveyou</name>
		<pose>Unspecified</pose>
		<truncated>0</truncated>
		<difficult>0</difficult>
		<bndbox>
			<xmin>176</xmin>
			<ymin>176</ymin>
			<xmax>547</xmax>
			<ymax>436</ymax>
		</bndbox>
	</object>
</annotation>
